b77_label,n_frases,ejemplo_1,ejemplo_2,ejemplo_3,label_propuesta,decision
Refund_not_showing_up,202,I contacted a seller about a refund last week but he still hasn't returned my money. I am frustrated and need these funds. Please help me get my money back.,How come my refund hasn't appeared on my statement?,I can't see my refund in my history.,fuera_de_alcance_dificil,fuera_de_alcance_dificil
activate_my_card,199,How do I activate my card so I can start using it?,It won't let me activate my card.,Card activation steps,fuera_de_alcance_resto,fuera_de_alcance_resto
age_limit,150,I would like to get an account for my child.,I'd like to open an account for my kids can I do that?,What age do I have to be?,fuera_de_alcance_resto,fuera_de_alcance_resto
apple_pay_or_google_pay,166,top up for my american express card is not working,How can I top up my Google Pay?,I cannot get my google pay to work.,fuera_de_alcance_resto,fuera_de_alcance_resto
atm_support,127,Where are the ATMs that accept this card?,Where is the nearest bank machine?,How can I tell if an AMT will take this card?,fuera_de_alcance_resto,fuera_de_alcance_resto
automatic_top_up,167,Can it automatically top up my account?,Can I setup top ups in advance?,How do i access the auto top-up option?,fuera_de_alcance_resto,fuera_de_alcance_resto
balance_not_updated_after_bank_transfer,211,I was wondering if international transfers take longer than normal because I made a transfer from France a couple of days ago and nothing has happened yet?,How long will it take for my transferred money to show up?,Why didn't the money I transferred into my account get added to my balance?,fuera_de_alcance_resto,fuera_de_alcance_resto
balance_not_updated_after_cheque_or_cash_deposit,221,How long does it take to show a deposit I made to my balance?,"I deposited a check yesterday to up my account balance, but that deposit hasn't shown up yet.  It's been a day already!",My cash deposit hasn't posted to my account.,fuera_de_alcance_resto,fuera_de_alcance_resto
beneficiary_not_allowed,196,Why cant I send money to a beneficiary?,why wasn't a transfer to account approved,What is the reason I couldn't do a transfer to a beneficiary?,fuera_de_alcance_resto,fuera_de_alcance_resto
cancel_transfer,197,My morning transaction needs to be canceled.,"I paid my rent into the wrong account, could you please pay it into the right account, it needs to be done by tomorrow.","Please cancel my most recent transfer, it was a mistake. This is an emergency. It needs to be canceled before it goes through.",fuera_de_alcance_resto,fuera_de_alcance_resto
card_about_to_expire,169,How much does it cost to get a new card?  Mine is almost expired.  How fast does it come?,How do I know when my card will expire?,Help me order a new card that's going to be expired soon.,fuera_de_alcance_resto,fuera_de_alcance_resto
card_acceptance,99,It will be fine to use at any establishment that accepts Mastercard.,Are there limits as to where my card will be accepted?,Will filling stations accept my card?,fuera_de_alcance_resto,fuera_de_alcance_resto
card_arrival,193,I'm still waiting for my new card.,I was issued a new card a week ago but still haven't received it. How long will it be until I receive it?,My card hasn't shown up yet.,fuera_de_alcance_resto,fuera_de_alcance_resto
card_delivery_estimate,152,can you express my card to me?,What's the U.S. Delivery time?,Please send my card as quickly as possible.,fuera_de_alcance_resto,fuera_de_alcance_resto
card_linking,179,"Hey, I have my card, how do I get it to show in the app?",If I have a physical card can I link it?,How do I add a card on to the app?,fuera_de_alcance_resto,fuera_de_alcance_resto
card_not_working,152,What can I do to make my physical card work?,My card doesn't accept any transaction at all. What's wrong??,How can I get my card to work?,fuera_de_alcance_resto,fuera_de_alcance_resto
card_payment_fee_charged,227,I had to pay a fee when buying items with my card.,Please tell my why I was charged a fee for using my card?,I paid with card and was charged a fee that shouldn't be there!,cobro_incorrecto_o_fuera_de_alcance,cobro_incorrecto_o_fuera_de_alcance
card_payment_not_recognised,208,on my statement there is a payment that I don't recognise,"If I see a payment in the app that I don't recognize, what should I do?",why do I have an unknown payment?,cargo_no_reconocido,cargo_no_reconocido
card_payment_wrong_exchange_rate,207,The exchange rate that was applied for an international purchase was wrong.,"I just saw the exchange rate you use, but it's so bad that I can't believe that it's the official interbank exchange rate! Is this truly the official interbank exchange rate?",It seems that something went wrong with my exchange. I changed Russian Ruble into UK pounds but have been charged entirely too much!,cobro_incorrecto,cobro_incorrecto
card_swallowed,101,I have a problem!  The ATM stole my card!,How do I get my card back after the ATM swallowed it.,Atm took my card,fuera_de_alcance_dificil,fuera_de_alcance_dificil
cash_withdrawal_charge,217,Is there a limit on how much I can withdraw from my account without being charged?,"When I got cash, I'm pretty sure there was a glitch that overcharged me.",Why did using an ATM cause me to be charged an additional fee?,cobro_incorrecto_o_fuera_de_alcance,cobro_incorrecto_o_fuera_de_alcance
cash_withdrawal_not_recognised,200,"I am using the app, and I see cash withdrawals that I did not authorize.","A 500 pound cash withdrawal was just made from my account, but I didn't make it. I am pretty sure my card has been compromised - can you help me?",What should I do if I see an unauthorized withdrawal on my statement?,cargo_no_reconocido,cargo_no_reconocido
change_pin,162,Please tell me which cash machines will allow me to change my pin.,Do I have to go to an actual bank to change my PIN?,"I desperately need to change my PIN, but I'm overseas on vacation right now. How can I do this?",fuera_de_alcance_resto,fuera_de_alcance_resto
compromised_card,126,How do I order a replacement for stolen card?,What can I do if my card details where stolen from my car? I think they used my card to buy gas.,I believe someone is using my card without my agreement!,tarjeta_comprometida,tarjeta_comprometida
contactless_not_working,75,how many days processing new card?,Why isn't my contactless not working?,Why wasn't my contactless accepted at the metro?,fuera_de_alcance_resto,fuera_de_alcance_resto
country_support,169,Can I get one of your cards in the EU,Which countries are supported,can I use it all over the world?,fuera_de_alcance_resto,fuera_de_alcance_resto
declined_card_payment,193,My card payment wasn't accepted.,Reason for my card to decline,My card payment has been declined,fuera_de_alcance_dificil,fuera_de_alcance_dificil
declined_cash_withdrawal,213,Why was my request for cash declined?,The ATM keeps declining my card. I tried at two different ATMs. Can you tell me if there's an issue with my account?,"I tried to get money out of an ATM in Notting Hill earlier, but it didn't work. Is my card actually working? It's the first time I tried using it",fuera_de_alcance_resto,fuera_de_alcance_resto
declined_transfer,173,For what reason was my transfer declined?,It declined my transfer.,I received a decline message on a transfer,fuera_de_alcance_resto,fuera_de_alcance_resto
direct_debit_payment_not_recognised,222,I don't know what this Direct Debit payment on my account is for.,Why is there a direct debit I didn't make showing in the app?,A false direct debit payment is showing in my app,cargo_no_reconocido,cargo_no_reconocido
disposable_card_limits,161,I must make several disposable cards per day.,I have to make more then a few disposable cards per day.,How can I create many temporary cards daily?,fuera_de_alcance_resto,fuera_de_alcance_resto
edit_personal_details,161,Can I edit my personal details?,Can I edit my details?,My address has updated and I need to change it.,fuera_de_alcance_resto,fuera_de_alcance_resto
exchange_charge,161,"My job requires me to do a lot of exchanging currency, and I was wondering about any possible discounts or lower prices.",are there any exchange fees,I was wondering if there were any discounts offered for frequent currency exchanges?,fuera_de_alcance_resto,fuera_de_alcance_resto
exchange_rate,152,What factors effect the exchange rate?,why do your exchange rates change,what are your exchange rates at?,fuera_de_alcance_resto,fuera_de_alcance_resto
exchange_via_app,158,What all currencies can be exchanged?,"I need to exchange my GBP to AUD, how would I do this?",How would I use my money in a different country?,fuera_de_alcance_resto,fuera_de_alcance_resto
extra_charge_on_statement,206,Where did this extra €1 fee on my statement come from?,There is a pending 1£ charge on my statement.  I haven't purchased anything for 1£.  Why is it on my statement?,What is the extra  €1 fee in my statement,cobro_incorrecto,cobro_incorrecto
failed_transfer,177,Why hasn't my transfer gone through,Can you tell my why my funds transfer did not work properly?,My transfer didn't work,fuera_de_alcance_resto,fuera_de_alcance_resto
fiat_currency_support,166,are multiple currencies acceptable?,Where can I exchange my money for EUR?,What country's money can I hold currency in?,fuera_de_alcance_resto,fuera_de_alcance_resto
get_disposable_virtual_card,137,How do I use a disposable virtual card?,How do the disposable cards work?,How can I create a disposable virtual card?,fuera_de_alcance_resto,fuera_de_alcance_resto
get_physical_card,146,I haven't received the PIN yet.,How do I get started when I get my card?,I cannot see the card PIN anywhere?,fuera_de_alcance_resto,fuera_de_alcance_resto
getting_spare_card,169,I'd like to have another card,How many cards am I allowed?,"I need a second card, can I have more than one?",fuera_de_alcance_resto,fuera_de_alcance_resto
getting_virtual_card,138,explain the virtual card,Where is the virtual card?,how to i go about getting my virtual card,fuera_de_alcance_resto,fuera_de_alcance_resto
lost_or_stolen_card,122,My card is lost!  Please help me!,Someone stole my wallet with my card in it while vacationing in Spain. I really need my card blocked and a new one ordered.,My card has gone missing.,tarjeta_comprometida,tarjeta_comprometida
lost_or_stolen_phone,161,"If I lost my phone at the hotel, can I still use the app?","My phone is lost I don't want someone to use my account, what can I do?",Someone stole my phone yesterday :( is there anything I need to do?,por_decidir,por_decidir
order_physical_card,160,What locations are cards delivered to?,What fees do you charge for the standard card?,How can I get a physical card,fuera_de_alcance_resto,fuera_de_alcance_resto
passcode_forgotten,145,Can you tell me my code to get into the app?,Tell me how to reset the passcode.,how to recover my passcode,fuera_de_alcance_resto,fuera_de_alcance_resto
pending_card_payment,199,"My card payment is just showing up as pending since forever, what's going on with that, when should it be going through?",Why are the things I bought earlier today still showing as pending?,What is the cause of the delay in applying my card payment to my account?,fuera_de_alcance_dificil,fuera_de_alcance_dificil
pending_cash_withdrawal,183,There should be a cash withdrawal that I haven't seen yet.,I took out some cash from the ATM but it is still showing the transaction is pending.,My cash in the ATM is still pending,fuera_de_alcance_resto,fuera_de_alcance_resto
pending_top_up,189,Why is my top-up still pending?,Can you please make my top up go through as soon as possible. I really need the money and it has been pending for an hour already.,When will my top-up happen?,fuera_de_alcance_resto,fuera_de_alcance_resto
pending_transfer,188,The transfer is coming up as pending the payment is due today. Will I be charged a fee?,My transfer is still pending and I know the account numbers are correct.  Please help.,How long do I have to wait for the transfer to be finalized?,fuera_de_alcance_resto,fuera_de_alcance_resto
pin_blocked,155,What if I type in the wrong PIN too many times?,"My pins seems to be blocked, can you unblock it please",I need my PIN unlocked.,fuera_de_alcance_resto,fuera_de_alcance_resto
receiving_money,135,Can I get my salary through this?,How do I receive money from someone?,My salary is received in the form of GBP. Do I need to do anything specific to configure this?,fuera_de_alcance_resto,fuera_de_alcance_resto
request_refund,209,I have an incorrect charge and would like a refund.,Get an item refund,I bought something online a week ago and i never got it in the mail.Can I just get my money back now I don't want to keep waiting on something that isn't going to show up.,fuera_de_alcance_dificil,fuera_de_alcance_dificil
reverted_card_payment?,201,Please help me with my card payments which keeps getting reverted whenever i do online shopping. I am having this problem since last two weeks.,I bought something and already paid for it but now I don't see it.,I believe that a card payment I made was cancelled.,fuera_de_alcance_dificil,fuera_de_alcance_dificil
supported_cards_and_currencies,169,can you tell me what cards and currencies you take?,I only have one other credit card from the US. Do you accept that?,What currencies can be used for top up?,fuera_de_alcance_resto,fuera_de_alcance_resto
terminate_account,148,"The service of this company sucks, I need to terminate my account.",Help me terminate and close my account.,How do I delete my account?,fuera_de_alcance_resto,fuera_de_alcance_resto
top_up_by_bank_transfer_charge,151,What are the additional charges for a SWIFT transfer?,Am I charged for receiving money?,Will I be charged for receiving the money?,fuera_de_alcance_resto,fuera_de_alcance_resto
top_up_by_card_charge,154,Will I be charged for topping up?,I need to know what charges I will incur for using a European card for top up.,What are the fees for top ups?,fuera_de_alcance_resto,fuera_de_alcance_resto
top_up_by_cash_or_cheque,154,Can I mail in a check to top up?,how can i add money to my account if you don't accept cash,Can I submit a check or cash payment?,fuera_de_alcance_resto,fuera_de_alcance_resto
top_up_failed,185,I tried using my credit card with top up but it didn't work! I thought it was supposed to?,Is there any reason why my card didn't work when I tried to top up?,My top up didn't work.,fuera_de_alcance_resto,fuera_de_alcance_resto
top_up_limits,137,I need to find out what is the limit for top-ups.,what is the top up limit,Are there any top-up limits?,fuera_de_alcance_resto,fuera_de_alcance_resto
top_up_reverted,186,Do you support top ups?,I topped up but the app reverted it,"When I topped up, the app reverted my funds.",fuera_de_alcance_resto,fuera_de_alcance_resto
topping_up_by_card,143,I have friends that would like to top-up my account is that possible?,Is it possible to top up by card?,How do I go about transferring money using my credit card?,fuera_de_alcance_resto,fuera_de_alcance_resto
transaction_charged_twice,215,A transaction is repeated several times on my account.,I have a duplicate payment showing,Why does my statement show various transaction times?,cobro_incorrecto,cobro_incorrecto
transfer_fee_charged,212,Why am I seeing a transfer fee on my bank statement?,I was charged a fee for my transfer.,I just transferred some money. Why was I charged a fee?,fuera_de_alcance_resto,fuera_de_alcance_resto
transfer_into_account,153,I was wondering about transferring money into my account and how it works.  Can you tell me about that?,I need to move money from one of my other accounts to this one.,What can I expect if I use bank transfer to top up my account?,fuera_de_alcance_resto,fuera_de_alcance_resto
transfer_not_received_by_recipient,211,"I sent money to someone but they haven't gotten it, what's going on?",I am still waiting for a transaction to be completed,I dont see my reciept,fuera_de_alcance_resto,fuera_de_alcance_resto
transfer_timing,168,"If I started the Bank transfer from Europe, how long will the process take to complete?",How long do I have to wait for a US transfer?,What is the length of time for money to reach the account?,fuera_de_alcance_resto,fuera_de_alcance_resto
unable_to_verify_identity,142,I a having trouble proving my identity,I can't upload my identification.,Why am I unable verify my id?,fuera_de_alcance_resto,fuera_de_alcance_resto
verify_my_identity,144,I need some help with identity verification.,What will I need to verify my identity,What are acceptable documents to prove my identity?,fuera_de_alcance_resto,fuera_de_alcance_resto
verify_source_of_funds,153,Where do my fund come from?,where can i see money source?,Where is my top-up generated from?,fuera_de_alcance_resto,fuera_de_alcance_resto
verify_top_up,166,Where can I find the verification code for a top-up?,Where can I find the verification code on a top-up card?,How do I verify the top up?,fuera_de_alcance_resto,fuera_de_alcance_resto
virtual_card_not_working,81,Please help me.  My disposable virtual card won't work right.,Why isn't my disposable virtual card working?,I cannot get my disposable virtual card to work,fuera_de_alcance_resto,fuera_de_alcance_resto
visa_or_mastercard,175,Do you do Visa or Mastercard?,What steps must I follow to get a Visa credit card?,Could I get a mastercard if that's reasonable?,fuera_de_alcance_resto,fuera_de_alcance_resto
why_verify_identity,161,"I'm waiting for the ID verification to go through still, so is it too soon to use my account?",Why do you need so much id info from me?,Why am I being asked to have an identity check,fuera_de_alcance_resto,fuera_de_alcance_resto
wrong_amount_of_cash_received,220,I requested money from the ATM and it didn't give me as much as I requested.,I received the wrong amount of cash from the ATM. Can you help?,How can I request cash back? The ATM just gave me a different amount than what I've been charged though...,cobro_incorrecto,cobro_incorrecto
wrong_exchange_rate_for_cash_withdrawal,203,"While abroad, I got cash, and the exchange rate applied is wrong.","Hello, in these holidays i have been overcharged on the amount i have withdrawn on one of your ATMs. I did not had any clue about the horrible charges otherwise i would not have withdrawn.",Can i get money in my home currency at my ATM ?I am on holiday and bit concerned because i do not have any cash with me .Is it possible to withdraw without any additional cost.,cobro_incorrecto,cobro_incorrecto