id,source,text,label_set,label_persona2,decision
b02628-01,banking77,Por que me cobraram a mais?,ambiguo,cobro_incorrecto,
s084-03,suplemento,¿Esto es una persona o é automático?,ambiguo,fuera_de_alcance,
s084-02,suplemento,Con quien estou hablado,ambiguo,fuera_de_alcance,
b02477-01,banking77,o caia eletronico nao me deu todo o dinheiro,cobro_incorrecto,ambiguo,
b12577-01,banking77,"Cuando saque efectivo, el tio de cambio estuvo mal. 😩",cobro_incorrecto,ambiguo,
b00613-01,banking77,Por q me cobraram R$1 numa tranascao,cobro_incorrecto,ambiguo,
b00715-01,banking77,Tem uma cobranca de R$1 no meu extrato. Acho q nao comprei nada q custou R$1. O q ta acontecendo?,cobro_incorrecto,cargo_no_reconocido,
t017-03,test_equipo,"no restaurante falei q n ia dar gorjeta e mesmo assim incluiram na cobranca do cartao, preciso q tirem isso",cobro_incorrecto,fuera_de_alcance,
b00419-01,banking77,"acabei de ver a cotação que vocês usam, mas tá tão ruim que não dá pra acreditar que é a cotação interbancária oficial! essa é mesmo a cotação interbancária oficial?",cobro_incorrecto,fuera_de_alcance,
b12575-01,banking77,"¿xq el tipo de cambio es tan abusivo? pa q aplique ese tipo, me tendrian q haber dado mucho mas efecivo.",cobro_incorrecto,fuera_de_alcance,
b02481-01,banking77,Só me deram R$20 quando tentei sacar R$100,cobro_incorrecto,fuera_de_alcance,
b02400-01,banking77,Tentei sacar dinheiro num caixa eletronico hoje de manha e recebi o valor errado O app diz que eu tenho saldo suficiente na conta Alguem me diz o que ta errado,cobro_incorrecto,fuera_de_alcance,
s048-01,suplemento,¿tengo que pagar el cbro que estoy contestando?,estado_disputa,ambiguo,
s039-05,suplemento,no entiendo el mensaje q me mandaron de mi foliooo,estado_disputa,ambiguo,
s010-05,suplemento,Esse estorno provisório ainda pode ser cancelado?,estado_disputa,fuera_de_alcance,
s037-04,suplemento,Tenía un reclamo abierto con la tarjeta anterior y me la reemplazaron por vencimiento. No sé si tengo q volver a hacerlo.,estado_disputa,fuera_de_alcance,
b02612-01,banking77,Me aplicaron un cargo cuando usé mi tarjeta.,fuera_de_alcance,ambiguo,
b02684-01,banking77,por favor expliquenme el cobro extra cuando pague con la tarjeta.,fuera_de_alcance,cobro_incorrecto,
b05812-01,banking77,Mi reembolso no aparece,fuera_de_alcance,estado_disputa,
s115-02,suplemento,compre un celular en el marketplace le pase numero y codigo da tarjeta al vendedor y ahora sumiuuuu,tarjeta_comprometida,ambiguo,
s120-02,suplemento,la tarjeta de reposicion no me ha llegado y ya me aparece una compra de 600.000 pesos,tarjeta_comprometida,cargo_no_reconocido,
t025-02,test_equipo,"levaram meu celular desbloqueado, dali eles conseguem entrar no cartao virtual do banco",tarjeta_comprometida,fuera_de_alcance,
b04495-01,banking77,Como eu impeço fraude no meu cartão?,tarjeta_comprometida,fuera_de_alcance,
t023-03,test_equipo,"ayer use un cajero y la ranura se movia raro despues me quede pensando q pudieron clonarme la tarjeta ahi, necesito reportarlo",tarjeta_comprometida,fuera_de_alcance,
b10456-01,banking77,Precisa de cópia do B.O. pra concluir a comunicação?,tarjeta_comprometida,fuera_de_alcance,
