id,label,source
b05352-01,fuera_de_alcance,banking77
s005-03,estado_disputa,suplemento
b05467-01,fuera_de_alcance,banking77
b02477-01,cobro_incorrecto,banking77
b12577-01,cobro_incorrecto,banking77
b10780-01,cobro_incorrecto,banking77
b08910-01,cargo_no_reconocido,banking77
b05122-01,fuera_de_alcance,banking77
t009-03,cargo_no_reconocido,test_equipo
t050-01,ambiguo,test_equipo
b04647-01,cargo_no_reconocido,banking77
t018-01,cobro_incorrecto,test_equipo
b05481-01,fuera_de_alcance,banking77
s103-05,cobro_incorrecto,suplemento
b04482-01,tarjeta_comprometida,banking77
s060-03,ambiguo,suplemento
b05812-01,fuera_de_alcance,banking77
b09383-01,fuera_de_alcance,banking77
t010-02,cargo_no_reconocido,test_equipo
b08308-01,cobro_incorrecto,banking77
s013-04,estado_disputa,suplemento
b11413-01,tarjeta_comprometida,banking77
b12745-01,cargo_no_reconocido,banking77
b00613-01,cobro_incorrecto,banking77
s125-05,fuera_de_alcance,suplemento
b03486-01,cargo_no_reconocido,banking77
b06374-01,cobro_incorrecto,banking77
s120-02,tarjeta_comprometida,suplemento
t002-03,cargo_no_reconocido,test_equipo
b02612-01,fuera_de_alcance,banking77
t002-02,cargo_no_reconocido,test_equipo
t031-02,estado_disputa,test_equipo
t025-02,tarjeta_comprometida,test_equipo
t017-03,cobro_incorrecto,test_equipo
b08790-01,tarjeta_comprometida,banking77
s058-05,ambiguo,suplemento
s140-04,fuera_de_alcance,suplemento
b05266-01,fuera_de_alcance,banking77
b00419-01,cobro_incorrecto,banking77
b03547-01,cargo_no_reconocido,banking77
s010-05,estado_disputa,suplemento
s110-01,cobro_incorrecto,suplemento
s053-03,ambiguo,suplemento
s115-02,tarjeta_comprometida,suplemento
t019-03,cobro_incorrecto,test_equipo
b08848-01,cargo_no_reconocido,banking77
b06870-01,fuera_de_alcance,banking77
b11493-01,cargo_no_reconocido,banking77
b12685-01,fuera_de_alcance,banking77
b04795-01,cargo_no_reconocido,banking77
b12761-01,cargo_no_reconocido,banking77
s084-03,ambiguo,suplemento
b04635-01,cargo_no_reconocido,banking77
b00617-01,cobro_incorrecto,banking77
s084-02,ambiguo,suplemento
b12975-01,fuera_de_alcance,banking77
s057-05,ambiguo,suplemento
b11804-01,fuera_de_alcance,banking77
b12575-01,cobro_incorrecto,banking77
s158-03,tarjeta_comprometida,suplemento
s039-04,estado_disputa,suplemento
s119-05,tarjeta_comprometida,suplemento
s048-01,estado_disputa,suplemento
b00715-01,cobro_incorrecto,banking77
s037-04,estado_disputa,suplemento
b02577-01,fuera_de_alcance,banking77
t031-03,estado_disputa,test_equipo
b01898-01,fuera_de_alcance,banking77
t043-01,fuera_de_alcance,test_equipo
b11425-01,tarjeta_comprometida,banking77
b06846-01,fuera_de_alcance,banking77
b02481-01,cobro_incorrecto,banking77
t042-02,fuera_de_alcance,test_equipo
s039-05,estado_disputa,suplemento
b04469-01,tarjeta_comprometida,banking77
t038-03,fuera_de_alcance,test_equipo
b07144-01,fuera_de_alcance,banking77
b02400-01,cobro_incorrecto,banking77
b04495-01,tarjeta_comprometida,banking77
t040-02,fuera_de_alcance,test_equipo
b06826-01,fuera_de_alcance,banking77
s127-04,fuera_de_alcance,suplemento
s103-03,cobro_incorrecto,suplemento
t014-03,cobro_incorrecto,test_equipo
t045-04,ambiguo,test_equipo
s028-01,estado_disputa,suplemento
b03484-01,cargo_no_reconocido,banking77
b02628-01,ambiguo,banking77
b03638-01,cargo_no_reconocido,banking77
t023-03,tarjeta_comprometida,test_equipo
b03515-01,tarjeta_comprometida,banking77
b02684-01,fuera_de_alcance,banking77
t022-01,tarjeta_comprometida,test_equipo
b06798-01,fuera_de_alcance,banking77
b10167-01,cargo_no_reconocido,banking77
t044-03,fuera_de_alcance,test_equipo
b05860-01,fuera_de_alcance,banking77
b03487-01,cargo_no_reconocido,banking77
b10456-01,tarjeta_comprometida,banking77
s036-02,estado_disputa,suplemento
